{
  "model": "GoogLeNet",
  "version": "3.3",
  "training_set": {
    "accuracy": 97.11316397228637,
    "precision": 0.971159892702835,
    "recall": 0.9711316397228638,
    "f1_score": 0.9707533453974501,
    "per_class": {
      "Apple": {
        "precision": 0.9817518248175182,
        "recall": 0.9853479853479854,
        "f1_score": 0.9835466179159049,
        "support": 273
      },
      "Banana": {
        "precision": 0.9514925373134329,
        "recall": 0.9770114942528736,
        "f1_score": 0.9640831758034026,
        "support": 261
      },
      "Mixed": {
        "precision": 0.9583333333333334,
        "recall": 0.8214285714285714,
        "f1_score": 0.8846153846153846,
        "support": 56
      },
      "Orange": {
        "precision": 0.9818840579710145,
        "recall": 0.9818840579710145,
        "f1_score": 0.9818840579710145,
        "support": 276
      }
    }
  },
  "validation_set": {
    "accuracy": 99.07834101382488,
    "precision": 0.9908417429854751,
    "recall": 0.9907834101382489,
    "f1_score": 0.9907127474417385,
    "per_class": {
      "Apple": {
        "precision": 1.0,
        "recall": 1.0,
        "f1_score": 1.0,
        "support": 61
      },
      "Banana": {
        "precision": 0.984375,
        "recall": 0.984375,
        "f1_score": 0.984375,
        "support": 64
      },
      "Mixed": {
        "precision": 1.0,
        "recall": 0.9285714285714286,
        "f1_score": 0.9629629629629629,
        "support": 14
      },
      "Orange": {
        "precision": 0.9873417721518988,
        "recall": 1.0,
        "f1_score": 0.9936305732484076,
        "support": 78
      }
    }
  },
  "test_set": {
    "accuracy": 76.27118644067797,
    "precision": 0.7990438939591482,
    "recall": 0.7627118644067796,
    "f1_score": 0.768868675927106,
    "per_class": {
      "Apple": {
        "precision": 0.8461538461538461,
        "recall": 0.5789473684210527,
        "f1_score": 0.6875,
        "support": 19
      },
      "Banana": {
        "precision": 0.8,
        "recall": 0.8888888888888888,
        "f1_score": 0.8421052631578947,
        "support": 18
      },
      "Mixed": {
        "precision": 0.3333333333333333,
        "recall": 0.6,
        "f1_score": 0.42857142857142855,
        "support": 5
      },
      "Orange": {
        "precision": 0.8823529411764706,
        "recall": 0.8823529411764706,
        "f1_score": 0.8823529411764706,
        "support": 17
      }
    }
  }
}